hs-cargo-ws:crates/cargo-util/src/paths.rs	off	1	5.95	0
hs-cargo-ws:crates/cargo-util/src/paths.rs	on	1	5.39	0
hs-cargo-ws:crates/cargo-util/src/paths.rs	off	2	5.82	0
hs-cargo-ws:crates/cargo-util/src/paths.rs	on	2	5.29	0
hs-cargo-ws:crates/cargo-util/src/paths.rs	off	3	6.07	0
hs-cargo-ws:crates/cargo-util/src/paths.rs	on	3	5.72	0
hs-cargo-ws:crates/cargo-util/src/paths.rs	off	4	6.96	0
hs-cargo-ws:crates/cargo-util/src/paths.rs	on	4	6.00	0
hs-cargo-ws:crates/cargo-util/src/paths.rs	off	5	6.92	0
hs-cargo-ws:crates/cargo-util/src/paths.rs	on	5	5.75	0
hs-cargo-ws:crates/cargo-util-schemas/src/manifest/mod.rs	off	1	6.43	0
hs-cargo-ws:crates/cargo-util-schemas/src/manifest/mod.rs	on	1	6.19	0
hs-cargo-ws:crates/cargo-util-schemas/src/manifest/mod.rs	off	2	6.28	0
hs-cargo-ws:crates/cargo-util-schemas/src/manifest/mod.rs	on	2	5.80	0
hs-cargo-ws:crates/cargo-util-schemas/src/manifest/mod.rs	off	3	6.29	0
hs-cargo-ws:crates/cargo-util-schemas/src/manifest/mod.rs	on	3	5.64	0
hs-cargo-ws:crates/cargo-util-schemas/src/manifest/mod.rs	off	4	6.10	0
hs-cargo-ws:crates/cargo-util-schemas/src/manifest/mod.rs	on	4	5.81	0
hs-cargo-ws:crates/cargo-util-schemas/src/manifest/mod.rs	off	5	6.22	0
hs-cargo-ws:crates/cargo-util-schemas/src/manifest/mod.rs	on	5	5.57	0
hs-cargo-ws:src/compiler/mod.rs	off	1	5.65	0
hs-cargo-ws:src/compiler/mod.rs	on	1	5.24	0
hs-cargo-ws:src/compiler/mod.rs	off	2	5.58	0
hs-cargo-ws:src/compiler/mod.rs	on	2	5.30	0
hs-cargo-ws:src/compiler/mod.rs	off	3	5.66	0
hs-cargo-ws:src/compiler/mod.rs	on	3	5.28	0
hs-cargo-ws:src/compiler/mod.rs	off	4	5.60	0
hs-cargo-ws:src/compiler/mod.rs	on	4	5.37	0
hs-cargo-ws:src/compiler/mod.rs	off	5	5.71	0
hs-cargo-ws:src/compiler/mod.rs	on	5	5.27	0
