project	mode	run	seconds	status
cargo-0.87.1	off	1	49.70	0
cargo-0.87.1	on	1	40.22	0
cargo-0.87.1	off	2	50.76	0
cargo-0.87.1	on	2	39.14	0
cargo-0.87.1	off	3	48.88	0
cargo-0.87.1	on	3	38.28	0
cargo-0.87.1	off	4	49.78	0
cargo-0.87.1	on	4	38.92	0
cargo-0.87.1	off	5	50.49	0
cargo-0.87.1	on	5	39.36	0
cargo	off	1	21.19	0
cargo	on	1	17.16	0
cargo	off	2	20.21	0
cargo	on	2	17.11	0
cargo	off	3	20.56	0
cargo	on	3	17.34	0
cargo	off	4	20.07	0
cargo	on	4	16.52	0
cargo	off	5	20.23	0
cargo	on	5	17.17	0
clap_derive-4.5.32	off	1	5.84	0
clap_derive-4.5.32	on	1	4.13	0
clap_derive-4.5.32	off	2	5.86	0
clap_derive-4.5.32	on	2	4.05	0
clap_derive-4.5.32	off	3	6.00	0
clap_derive-4.5.32	on	3	4.03	0
clap_derive-4.5.32	off	4	5.83	0
clap_derive-4.5.32	on	4	4.04	0
clap_derive-4.5.32	off	5	6.70	0
clap_derive-4.5.32	on	5	4.01	0
cranelift-codegen-0.119.0	off	1	19.70	0
cranelift-codegen-0.119.0	on	1	19.47	0
cranelift-codegen-0.119.0	off	2	19.70	0
cranelift-codegen-0.119.0	on	2	18.87	0
cranelift-codegen-0.119.0	off	3	19.46	0
cranelift-codegen-0.119.0	on	3	18.77	0
cranelift-codegen-0.119.0	off	4	19.50	0
cranelift-codegen-0.119.0	on	4	18.72	0
cranelift-codegen-0.119.0	off	5	19.65	0
cranelift-codegen-0.119.0	on	5	18.67	0
diesel-2.2.10	off	1	37.81	0
diesel-2.2.10	on	1	38.68	0
diesel-2.2.10	off	2	37.65	0
diesel-2.2.10	on	2	37.78	0
diesel-2.2.10	off	3	37.77	0
diesel-2.2.10	on	3	37.31	0
diesel-2.2.10	off	4	37.26	0
diesel-2.2.10	on	4	37.56	0
diesel-2.2.10	off	5	37.71	0
diesel-2.2.10	on	5	37.66	0
encoding	off	1	1.08	0
encoding	on	1	0.99	0
encoding	off	2	1.11	0
encoding	on	2	1.03	0
encoding	off	3	1.11	0
encoding	on	3	1.04	0
encoding	off	4	1.09	0
encoding	on	4	1.04	0
encoding	off	5	1.15	0
encoding	on	5	1.05	0
eza-0.21.2	off	1	27.05	0
eza-0.21.2	on	1	20.17	0
eza-0.21.2	off	2	26.66	0
eza-0.21.2	on	2	19.87	0
eza-0.21.2	off	3	26.83	0
eza-0.21.2	on	3	19.36	0
eza-0.21.2	off	4	26.60	0
eza-0.21.2	on	4	19.51	0
eza-0.21.2	off	5	26.59	0
eza-0.21.2	on	5	19.68	0
html5ever-0.31.0	off	1	7.21	0
html5ever-0.31.0	on	1	7.62	0
html5ever-0.31.0	off	2	7.60	0
html5ever-0.31.0	on	2	7.88	0
html5ever-0.31.0	off	3	7.63	0
html5ever-0.31.0	on	3	7.73	0
html5ever-0.31.0	off	4	7.53	0
html5ever-0.31.0	on	4	7.70	0
html5ever-0.31.0	off	5	7.35	0
html5ever-0.31.0	on	5	7.52	0
html5ever	off	1	16.85	0
html5ever	on	1	17.53	0
html5ever	off	2	16.33	0
html5ever	on	2	16.57	0
html5ever	off	3	16.55	0
html5ever	on	3	16.33	0
html5ever	off	4	16.68	0
html5ever	on	4	16.81	0
html5ever	off	5	16.59	0
html5ever	on	5	16.79	0
hyper-1.6.0	off	1	2.53	0
hyper-1.6.0	on	1	1.90	0
hyper-1.6.0	off	2	2.59	0
hyper-1.6.0	on	2	1.93	0
hyper-1.6.0	off	3	2.56	0
hyper-1.6.0	on	3	1.76	0
hyper-1.6.0	off	4	2.50	0
hyper-1.6.0	on	4	1.87	0
hyper-1.6.0	off	5	2.51	0
hyper-1.6.0	on	5	1.81	0
image-0.25.6	off	1	18.88	0
image-0.25.6	on	1	15.08	0
image-0.25.6	off	2	19.33	0
image-0.25.6	on	2	16.33	0
image-0.25.6	off	3	19.91	0
image-0.25.6	on	3	15.33	0
image-0.25.6	off	4	18.75	0
image-0.25.6	on	4	15.18	0
image-0.25.6	off	5	19.42	0
image-0.25.6	on	5	15.35	0
nalgebra-0.33.0	off	1	22.02	0
nalgebra-0.33.0	on	1	18.51	0
nalgebra-0.33.0	off	2	22.19	0
nalgebra-0.33.0	on	2	18.34	0
nalgebra-0.33.0	off	3	22.58	0
nalgebra-0.33.0	on	3	18.71	0
nalgebra-0.33.0	off	4	22.10	0
nalgebra-0.33.0	on	4	18.73	0
nalgebra-0.33.0	off	5	22.79	0
nalgebra-0.33.0	on	5	18.79	0
piston-image	off	1	6.35	0
piston-image	on	1	4.09	0
piston-image	off	2	6.24	0
piston-image	on	2	4.04	0
piston-image	off	3	6.07	0
piston-image	on	3	4.02	0
piston-image	off	4	6.19	0
piston-image	on	4	3.97	0
piston-image	off	5	6.12	0
piston-image	on	5	4.02	0
projection-caching	off	1	11.09	0
projection-caching	on	1	10.97	0
projection-caching	off	2	11.24	0
projection-caching	on	2	10.54	0
projection-caching	off	3	11.14	0
projection-caching	on	3	10.66	0
projection-caching	off	4	11.10	0
projection-caching	on	4	10.55	0
projection-caching	off	5	11.19	0
projection-caching	on	5	10.67	0
regex-automata-0.4.8	off	1	6.97	0
regex-automata-0.4.8	on	1	5.36	0
regex-automata-0.4.8	off	2	6.82	0
regex-automata-0.4.8	on	2	5.47	0
regex-automata-0.4.8	off	3	6.76	0
regex-automata-0.4.8	on	3	5.40	0
regex-automata-0.4.8	off	4	6.87	0
regex-automata-0.4.8	on	4	5.43	0
regex-automata-0.4.8	off	5	6.97	0
regex-automata-0.4.8	on	5	5.54	0
ripgrep-14.1.1	off	1	10.29	0
ripgrep-14.1.1	on	1	5.58	0
ripgrep-14.1.1	off	2	10.11	0
ripgrep-14.1.1	on	2	5.41	0
ripgrep-14.1.1	off	3	10.45	0
ripgrep-14.1.1	on	3	5.45	0
ripgrep-14.1.1	off	4	10.31	0
ripgrep-14.1.1	on	4	5.36	0
ripgrep-14.1.1	off	5	10.58	0
ripgrep-14.1.1	on	5	5.47	0
serde_derive-1.0.219	off	1	5.86	0
serde_derive-1.0.219	on	1	3.66	0
serde_derive-1.0.219	off	2	5.86	0
serde_derive-1.0.219	on	2	3.72	0
serde_derive-1.0.219	off	3	5.74	0
serde_derive-1.0.219	on	3	3.71	0
serde_derive-1.0.219	off	4	5.76	0
serde_derive-1.0.219	on	4	3.64	0
serde_derive-1.0.219	off	5	5.61	0
serde_derive-1.0.219	on	5	3.50	0
syn-2.0.101	off	1	3.64	0
syn-2.0.101	on	1	3.11	0
syn-2.0.101	off	2	3.66	0
syn-2.0.101	on	2	3.14	0
syn-2.0.101	off	3	3.72	0
syn-2.0.101	on	3	3.14	0
syn-2.0.101	off	4	3.71	0
syn-2.0.101	on	4	3.59	0
syn-2.0.101	off	5	3.65	0
syn-2.0.101	on	5	3.14	0
tt-muncher	off	1	1.82	0
tt-muncher	on	1	1.19	0
tt-muncher	off	2	1.79	0
tt-muncher	on	2	1.31	0
tt-muncher	off	3	1.88	0
tt-muncher	on	3	1.38	0
tt-muncher	off	4	1.84	0
tt-muncher	on	4	1.29	0
tt-muncher	off	5	1.81	0
tt-muncher	on	5	1.36	0
unicode-normalization-0.1.24	off	1	1.99	0
unicode-normalization-0.1.24	on	1	1.34	0
unicode-normalization-0.1.24	off	2	1.93	0
unicode-normalization-0.1.24	on	2	1.34	0
unicode-normalization-0.1.24	off	3	2.01	0
unicode-normalization-0.1.24	on	3	1.35	0
unicode-normalization-0.1.24	off	4	1.92	0
unicode-normalization-0.1.24	on	4	1.30	0
unicode-normalization-0.1.24	off	5	1.92	0
unicode-normalization-0.1.24	on	5	1.33	0
wg-grammar	off	1	9.68	0
wg-grammar	on	1	8.15	0
wg-grammar	off	2	9.93	0
wg-grammar	on	2	8.22	0
wg-grammar	off	3	9.63	0
wg-grammar	on	3	8.27	0
wg-grammar	off	4	9.67	0
wg-grammar	on	4	8.16	0
wg-grammar	off	5	9.60	0
wg-grammar	on	5	8.29	0
