project	config	run	seconds	status
cargo-0.87.1	plain	1	51.42	0
cargo-0.87.1	headstart	1	43.06	0
cargo-0.87.1	threads8	1	30.23	0
cargo-0.87.1	threads8+headstart	1	29.10	0
eza-0.21.2	plain	1	27.61	0
eza-0.21.2	headstart	1	19.67	0
eza-0.21.2	threads8	1	14.64	0
eza-0.21.2	threads8+headstart	1	14.37	0
image-0.25.6	plain	1	19.76	0
image-0.25.6	headstart	1	15.82	0
image-0.25.6	threads8	1	9.33	0
image-0.25.6	threads8+headstart	1	9.06	0
ripgrep-14.1.1	plain	1	10.31	0
ripgrep-14.1.1	headstart	1	5.64	0
ripgrep-14.1.1	threads8	1	4.31	0
ripgrep-14.1.1	threads8+headstart	1	3.32	0
regex-automata-0.4.8	plain	1	7.01	0
regex-automata-0.4.8	headstart	1	5.70	0
regex-automata-0.4.8	threads8	1	2.48	0
regex-automata-0.4.8	threads8+headstart	1	2.63	0
serde_derive-1.0.219	plain	1	5.69	0
serde_derive-1.0.219	headstart	1	3.67	0
serde_derive-1.0.219	threads8	1	2.50	0
serde_derive-1.0.219	threads8+headstart	1	2.07	0
hyper-1.6.0	plain	1	2.48	0
hyper-1.6.0	headstart	1	1.83	0
hyper-1.6.0	threads8	1	1.07	0
hyper-1.6.0	threads8+headstart	1	0.96	0
cargo-0.87.1	plain	2	53.05	0
cargo-0.87.1	headstart	2	42.16	0
cargo-0.87.1	threads8	2	30.75	0
cargo-0.87.1	threads8+headstart	2	28.79	0
eza-0.21.2	plain	2	27.88	0
eza-0.21.2	headstart	2	19.84	0
eza-0.21.2	threads8	2	14.33	0
eza-0.21.2	threads8+headstart	2	14.16	0
image-0.25.6	plain	2	19.47	0
image-0.25.6	headstart	2	16.37	0
image-0.25.6	threads8	2	9.16	0
image-0.25.6	threads8+headstart	2	8.98	0
ripgrep-14.1.1	plain	2	10.23	0
ripgrep-14.1.1	headstart	2	5.58	0
ripgrep-14.1.1	threads8	2	4.24	0
ripgrep-14.1.1	threads8+headstart	2	3.36	0
regex-automata-0.4.8	plain	2	7.06	0
regex-automata-0.4.8	headstart	2	5.59	0
regex-automata-0.4.8	threads8	2	2.55	0
regex-automata-0.4.8	threads8+headstart	2	2.64	0
serde_derive-1.0.219	plain	2	6.14	0
serde_derive-1.0.219	headstart	2	3.65	0
serde_derive-1.0.219	threads8	2	2.50	0
serde_derive-1.0.219	threads8+headstart	2	2.07	0
hyper-1.6.0	plain	2	2.60	0
hyper-1.6.0	headstart	2	1.85	0
hyper-1.6.0	threads8	2	1.03	0
hyper-1.6.0	threads8+headstart	2	0.86	0
cargo-0.87.1	plain	3	52.54	0
cargo-0.87.1	headstart	3	42.13	0
cargo-0.87.1	threads8	3	29.89	0
cargo-0.87.1	threads8+headstart	3	28.05	0
eza-0.21.2	plain	3	26.77	0
eza-0.21.2	headstart	3	19.81	0
eza-0.21.2	threads8	3	14.80	0
eza-0.21.2	threads8+headstart	3	14.31	0
image-0.25.6	plain	3	19.20	0
image-0.25.6	headstart	3	15.69	0
image-0.25.6	threads8	3	9.49	0
image-0.25.6	threads8+headstart	3	9.90	0
ripgrep-14.1.1	plain	3	10.66	0
ripgrep-14.1.1	headstart	3	5.81	0
ripgrep-14.1.1	threads8	3	4.01	0
ripgrep-14.1.1	threads8+headstart	3	3.25	0
regex-automata-0.4.8	plain	3	7.17	0
regex-automata-0.4.8	headstart	3	5.55	0
regex-automata-0.4.8	threads8	3	2.73	0
regex-automata-0.4.8	threads8+headstart	3	2.72	0
serde_derive-1.0.219	plain	3	5.62	0
serde_derive-1.0.219	headstart	3	3.61	0
serde_derive-1.0.219	threads8	3	2.66	0
serde_derive-1.0.219	threads8+headstart	3	2.09	0
hyper-1.6.0	plain	3	2.47	0
hyper-1.6.0	headstart	3	1.81	0
hyper-1.6.0	threads8	3	1.07	0
hyper-1.6.0	threads8+headstart	3	0.87	0
