project	mode	run	seconds	peak_rss_mb
cargo-0.87.1	off	1	51.79	2850
cargo-0.87.1	on	1	41.46	2710
cargo-0.87.1	off	2	53.85	2878
cargo-0.87.1	on	2	41.53	2753
cargo-0.87.1	off	3	52.46	2897
cargo-0.87.1	on	3	41.32	2765
eza-0.21.2	off	1	28.24	2220
eza-0.21.2	on	1	19.81	2291
eza-0.21.2	off	2	28.05	2268
eza-0.21.2	on	2	21.13	2286
eza-0.21.2	off	3	27.68	2313
eza-0.21.2	on	3	21.36	2372
ripgrep-14.1.1	off	1	10.80	1630
ripgrep-14.1.1	on	1	5.58	1717
ripgrep-14.1.1	off	2	10.25	1672
ripgrep-14.1.1	on	2	5.54	1759
ripgrep-14.1.1	off	3	10.20	1775
ripgrep-14.1.1	on	3	5.71	1720
image-0.25.6	off	1	20.34	1938
image-0.25.6	on	1	15.72	2220
image-0.25.6	off	2	19.90	1979
image-0.25.6	on	2	15.92	2084
image-0.25.6	off	3	19.56	1967
image-0.25.6	on	3	15.49	2230
nalgebra-0.33.0	off	1	22.86	748
nalgebra-0.33.0	on	1	19.02	1082
nalgebra-0.33.0	off	2	23.20	774
nalgebra-0.33.0	on	2	18.98	1079
nalgebra-0.33.0	off	3	22.72	780
nalgebra-0.33.0	on	3	19.05	1075
diesel-2.2.10	off	1	38.88	769
diesel-2.2.10	on	1	40.75	761
diesel-2.2.10	off	2	39.43	759
diesel-2.2.10	on	2	39.31	770
diesel-2.2.10	off	3	38.82	782
diesel-2.2.10	on	3	39.55	763
